{"reward_optim": [1941.4197330197255], "reward_free": [2317.809128905466], "ratio": [0.8376098397440164]}