{"reward_optim": [2014.409697391819], "reward_free": [2475.084902319568], "ratio": [0.8138749888959287]}